nodes,darts,time,pi
2,1e3,0.09,3.124000

4,1e3,0.12,3.060000

8,1e3,0.16,3.170000

16,1e3,0.16,-nan

32,1e3,0.18,-nan

64,1e3,0.23,-nan

2,1e6,0.11,3.142444

4,1e6,0.14,3.140208

8,1e6,0.16,3.141456

16,1e6,0.17,3.141988

32,1e6,0.20,3.140970

64,1e6,0.24,3.144331

2,1e9,21.37,3.141639

4,1e9,13.66,3.141610

8,1e9,6.64,3.141628

16,1e9,3.41,3.141632

32,1e9,1.80,3.141579

64,1e9,1.02,3.141566

